name,email,phone,brokerage,city,state,source_url,lead_score,tier,signals
AALIYAH MCPHEE,aaliyah075@gmail.com,541-619-5252,SMI REAL ESTATE,KEIZER,OR,https://members.wvmls.com/member_details.asp?member_id=13148,45,B,free_email;rbn_36m
AARON GOODSON,aarongoodsonrealtor@gmail.com,541-337-9330,KNIPE REALTY ERA POWERED,SALEM,OR,https://members.wvmls.com/member_details.asp?member_id=14446,60,B,free_email;rbn_24m
AARON STEFANEK,aastefanek@gmail.com,541-556-6341,SUNDANCE REALTY LLC,LEBANON,OR,https://members.wvmls.com/member_details.asp?member_id=12891,45,B,free_email;rbn_36m
ADAM TRAN,trantastic.at@gmail.com,503-798-7974,BRIGHTHOME REAL ESTATE GROUP,SALEM,OR,https://members.wvmls.com/member_details.asp?member_id=14060,75,A,free_email;rbn_12m
ADELE IAQUINTA,adeleiaquintare@gmail.com,541-337-4057,KNIPE REALTY ERA POWERED,SALEM,OR,https://members.wvmls.com/member_details.asp?member_id=10815,75,A,free_email;rbn_12m
ALEXANDRA KIZZAR,alexkizzarbroker@gmail.com,503-400-9080,REALTY ONE GROUP WILLAMETTE VALLEY,SALEM,OR,https://members.wvmls.com/member_details.asp?member_id=9772,60,B,free_email;rbn_24m
ALEYA MURPHY,aleyamurphyrealestate@gmail.com,541-905-3068,JMG JASON MITCHELL GROUP-ALBANY,ALBANY,OR,https://members.wvmls.com/member_details.asp?member_id=5991,60,B,free_email;rbn_24m
Alice Lema,alicelema@alicelema.com,541-301-7980,Alice Lema,Medford,OR,https://alicelema.com/agents,45,B,rbn_24m;principal;solo_brokerage
ALLIE SAUNDERS,allie@havenroserealestate.com,503-400-2771,HAVENROSE REAL ESTATE,SALEM,OR,https://members.wvmls.com/member_details.asp?member_id=11517,40,B,rbn_24m;solo_brokerage
ALLISON ANDREWS,allison@krakehomesales.com,909-767-9759,REALTY ONE GROUP WILLAMETTE VALLEY,SALEM,OR,https://members.wvmls.com/member_details.asp?member_id=11983,45,B,rbn_12m
ALMA BARAJAS,almabarajas05@gmail.com,503-881-3469,HACIENDA PROPERTIES CORP,SALEM,OR,https://members.wvmls.com/member_details.asp?member_id=6367,45,B,free_email;principal;solo_brokerage
ALYCIA MARIE COLVIN,alycia@connectedregroup.com,925-470-0648,CONNECTED REAL ESTATE GROUP,CORVALLIS,OR,https://members.wvmls.com/member_details.asp?member_id=14805,45,B,rbn_12m
AMY BECKER,aevebecker@yahoo.com,541-754-0521,SILVER RIDGE REALTY,ALBANY,OR,https://members.wvmls.com/member_details.asp?member_id=3335,45,B,free_email;principal;solo_brokerage
ANGELA FRIESEN,angela@connectedregroup.com,541-905-7060,CONNECTED REAL ESTATE GROUP,CORVALLIS,OR,https://members.wvmls.com/member_details.asp?member_id=8943,45,B,rbn_12m
APRIL CUELLAR,cuellarhomes15@gmail.com,503-995-3021,HARVEY REALTY GROUP INC,SALEM,OR,https://members.wvmls.com/member_details.asp?member_id=11683,50,B,free_email;rbn_36m;small_brokerage
APRIL RODERICK,april@wpgoregon.com,541-285-3996,WILLAMETTE PROPERTIES GROUP,JUNCTION CITY,OR,https://members.wvmls.com/member_details.asp?member_id=14226,50,B,rbn_12m;small_brokerage
AUSTIN BARKER,austin@wpgoregon.com,805-835-3296,WILLAMETTE PROPERTIES GROUP,JUNCTION CITY,OR,https://members.wvmls.com/member_details.asp?member_id=14361,50,B,rbn_12m;small_brokerage
BOB RIGGI,bobriggi@gmail.com,503-559-7150,BOB RIGGI REAL ESTATE,SALEM,OR,https://members.wvmls.com/member_details.asp?member_id=8326,90,A,free_email;rbn_12m;principal;solo_brokerage
BRADLEY BOHNSTEDT,bradley@brighthomegroup.com,503-931-9531,BRIGHTHOME REAL ESTATE GROUP,SALEM,OR,https://members.wvmls.com/member_details.asp?member_id=11726,45,B,rbn_12m
BRANDON FAHLMAN,brandon@kithkinre.com,503-930-2786,KITHKIN REAL ESTATE,SALEM,OR,https://members.wvmls.com/member_details.asp?member_id=8001,50,B,rbn_12m;principal
Brandon Whitehead,brandon.whitehead@smire.com,503-551-8901,SMI Real Estate,Salem,OR,https://smire.com/brokers/brandon-whitehead,45,B,rbn_12m
BRENDA CERVANTES,brendacervantes.realestate@gmail.com,503-574-0736,REALTY ONE GROUP WILLAMETTE VALLEY,SALEM,OR,https://members.wvmls.com/member_details.asp?member_id=13841,75,A,free_email;rbn_12m
BRIANNA CLARK,brianna@rogwv.com,503-910-8418,REALTY ONE GROUP WILLAMETTE VALLEY,SALEM,OR,https://members.wvmls.com/member_details.asp?member_id=11471,45,B,rbn_12m
BRITTNEY FREDRICKSON,brittneyjipp22@gmail.com,503-910-3705,HAVENROSE REAL ESTATE,SALEM,OR,https://members.wvmls.com/member_details.asp?member_id=12047,70,A,free_email;rbn_24m;solo_brokerage
CALEB EVANS,ecaleb5@gmail.com,503-400-9091,SMI REAL ESTATE,KEIZER,OR,https://members.wvmls.com/member_details.asp?member_id=10326,75,A,free_email;rbn_12m
CALLIE SMITH,callie@pnwlandlady.com,541-912-4333,HORSEPOWER REAL ESTATE,JUNCTION CITY,OR,https://members.wvmls.com/member_details.asp?member_id=10600,45,B,rbn_24m;principal;solo_brokerage
CARLY SHEDECK,carlys@nextdoorrg.com,541-600-7988,NEXT DOOR REAL ESTATE GROUP,ALBANY,OR,https://members.wvmls.com/member_details.asp?member_id=13782,45,B,rbn_12m
CECE MOSHER,cecemosher59@gmail.com,503-991-1114,OAK HILL PROPERTIES,SALEM,OR,https://members.wvmls.com/member_details.asp?member_id=6479,40,B,free_email;solo_brokerage
CHAD CLEMENS,chad.clemens@yahoo.com,503-798-1017,REALTY ONE GROUP WILLAMETTE VALLEY,SALEM,OR,https://members.wvmls.com/member_details.asp?member_id=7958,75,A,free_email;rbn_12m
CHARLENE MORGAN,charlenemorganre@gmail.com,503-428-3535,THE SALEM REAL ESTATE GROUP,SALEM,OR,https://members.wvmls.com/member_details.asp?member_id=10478,80,A,free_email;rbn_12m;small_brokerage
CHELSEA DIETMEYER,chelsea@tallfirsrealty.com,541-517-5257,TALL FIRS REALTY LLC,EUGENE,OR,https://members.wvmls.com/member_details.asp?member_id=9683,60,B,rbn_12m;principal;solo_brokerage
CHERYL RODRIGUEZ,rodriguezcheryl64@gmail.com,503-507-8529,NORTHWEST INVESTOR REALTY,SALEM,OR,https://members.wvmls.com/member_details.asp?member_id=6080,70,A,free_email;rbn_24m;solo_brokerage
Christopher Gritton,chris@grittonproperties.com,541-802-6997,Jackson Co: Eagle Point Real Estate,Eagle Point,OR,https://lamonterealestatepros.com/about/,45,B,rbn_12m
CINDY ANGELES,angeles_cindy15@yahoo.com,503-453-9537,KNIPE REALTY ERA POWERED,SALEM,OR,https://members.wvmls.com/member_details.asp?member_id=11292,80,A,free_email;rbn_12m;principal
CRAIG WIGGINTON,ckwigginton@gmail.com,503-871-3390,SUNDANCE REALTY LLC,LEBANON,OR,https://members.wvmls.com/member_details.asp?member_id=5559,60,B,free_email;rbn_24m
CREIG SMITH,creig@kithkinre.com,503-964-4932,KITHKIN REAL ESTATE,SALEM,OR,https://members.wvmls.com/member_details.asp?member_id=13649,45,B,rbn_12m
CYLYX SPAETHE,cylyxspaethe@yahoo.com,971-343-2295,KNIPE REALTY ERA POWERED,SALEM,OR,https://members.wvmls.com/member_details.asp?member_id=13915,45,B,free_email;rbn_36m
Cynthia Howard,cynthiahowardrealestate@gmail.com,541-359-8059,Veneta: Open Houses Report,Veneta,OR,https://eugenetracktownrealtors.com/agents,65,B,free_email;rbn_24m;principal
DAN GERGES,gergesdan@gmail.com,503-551-2216,LUXICA REALTY,SALEM,OR,https://members.wvmls.com/member_details.asp?member_id=5177,40,B,free_email;solo_brokerage
DANIELA WALKER,portlandhomesbydaniela@gmail.com,503-332-3358,KNIPE REALTY ERA POWERED,SALEM,OR,https://members.wvmls.com/member_details.asp?member_id=12384,60,B,free_email;rbn_24m
DANIELLE CARDOT,dcardotrealtor@gmail.com,541-968-4256,UNITED REAL ESTATE PROPERTIES,EUGENE,OR,https://members.wvmls.com/member_details.asp?member_id=11260,75,A,free_email;rbn_12m
DANIELLE SLUPE,danielleslupe.broker@gmail.com,541-409-4975,NORTHWEST REALTY CONSULTANTS,CORVALLIS,OR,https://members.wvmls.com/member_details.asp?member_id=13446,65,B,free_email;rbn_24m;small_brokerage
DAVID GOLLERSRUD,davidgoregonbroker@outlook.com,503-374-5374,REALTY ONE GROUP WILLAMETTE VALLEY,SALEM,OR,https://members.wvmls.com/member_details.asp?member_id=9022,65,B,free_email;rbn_24m;principal
DAVID GONZALEZ,gonzalezdavid599@gmail.com,503-999-3013,SUNDANCE REALTY LLC,LEBANON,OR,https://members.wvmls.com/member_details.asp?member_id=6459,65,B,free_email;rbn_24m;principal
DAVID WATERS,david@waters.realestate,503-851-0053,PARAMOUNT REAL ESTATE SERVICES,SALEM,OR,https://members.wvmls.com/member_details.asp?member_id=13953,45,B,rbn_12m
DEAN SANDERSON,deanjesproperties@gmail.com,503-510-8068,JES REALTY GROUP LLC,SALEM,OR,https://members.wvmls.com/member_details.asp?member_id=7796,75,A,free_email;rbn_24m;principal;solo_brokerage
Derik Bannister,derik@theoperativegroup.com,530-736-7085,The Operative Group,Springfield,OR,https://eugenerealestate.com/team/derik-bannister,45,B,rbn_12m
Donna Whitman,brokerdonna@gmail.com,541-505-4547,Veneta: Open Houses Report,Veneta,OR,https://eugenetracktownrealtors.com/agents,75,A,free_email;rbn_12m
DUSTIN VOLLSTEDT,dustin@cvghome.com,541-953-9000,ALTURA REAL ESTATE,Eugene,OR,https://members.wvmls.com/member_details.asp?member_id=13883,60,B,rbn_12m;principal;solo_brokerage
ELIZABETH MOLLGAARD,e.mollgaard@gmail.com,503-559-7406,ELIZABETH MOLLGAARD REAL ESTATE,LEBANON,OR,https://members.wvmls.com/member_details.asp?member_id=246,45,B,free_email;principal;solo_brokerage
ELLIS STUTZMAN,stutzmanellis@gmail.com,541-619-3922,PACIFIC STATES REALTY,LEBANON,OR,https://members.wvmls.com/member_details.asp?member_id=8735,45,B,free_email;principal;solo_brokerage
EMILY FORD,emily@connectedregroup.com,541-223-1827,CONNECTED REAL ESTATE GROUP,CORVALLIS,OR,https://members.wvmls.com/member_details.asp?member_id=10871,50,B,rbn_12m;principal
ERIC MADDUX,emadd23@gmail.com,503-931-8641,THE GROUP REAL ESTATE,ALBANY,OR,https://members.wvmls.com/member_details.asp?member_id=11928,75,A,free_email;rbn_12m
ERIN GILLINS,eringillins@gmail.com,503-409-6400,HORSEPOWER REAL ESTATE,JUNCTION CITY,OR,https://members.wvmls.com/member_details.asp?member_id=13300,90,A,free_email;rbn_12m;principal;solo_brokerage
EVAN TERLECKI,evan@nedbaker.com,503-480-4496,NED BAKER REAL ESTATE,SALEM,OR,https://members.wvmls.com/member_details.asp?member_id=14826,55,B,rbn_12m;solo_brokerage
Francisco Gomez,francisco@rockwellrealestate.com,541-951-4865,Rockwell Real Estate Group,Medford,OR,https://rockwellrealestate.com/agents,55,B,rbn_12m;solo_brokerage
GABRIELLE GRAND,gabby@grandrei.com,541-305-5944,GRAND REAL ESTATE,EUGENE,OR,https://members.wvmls.com/member_details.asp?member_id=14308,40,B,rbn_24m;solo_brokerage
GARRETT ZOLLER,garrett@uslandco.ai,541-944-8821,USLANDCO LLC,Medford,OR,https://members.wvmls.com/member_details.asp?member_id=6518,60,B,rbn_12m;principal;solo_brokerage
GARY RODGERS,gary@visitnrc.com,541-753-4567,NORTHWEST REALTY CONSULTANTS,CORVALLIS,OR,https://members.wvmls.com/member_details.asp?member_id=374,40,B,rbn_24m;principal;small_brokerage
GINA BEBEK,beachbebeks@gmail.com,503-753-9071,REALTY ONE GROUP WILLAMETTE VALLEY,SALEM,OR,https://members.wvmls.com/member_details.asp?member_id=12928,80,A,free_email;rbn_12m;principal
GRIT PHILLIPS,gritphillips@gmail.com,503-932-5297,MODERN REALTY GROUP LLC,KEIZER,OR,https://members.wvmls.com/member_details.asp?member_id=7282,45,B,free_email;principal;solo_brokerage
GUADALUPE FRANCO,guadalupe@rocharealty.net,971-507-1114,ROCHA REALTY LLC,SALEM,OR,https://members.wvmls.com/member_details.asp?member_id=14772,45,B,rbn_12m
HALEY HEIL,haleyheilhomes@gmail.com,541-401-7309,REALTY ONE GROUP WILLAMETTE VALLEY,SALEM,OR,https://members.wvmls.com/member_details.asp?member_id=13094,60,B,free_email;rbn_24m
HANS AFSHAR,hansafshar@gmail.com,503-508-9698,KNIPE REALTY ERA POWERED,SALEM,OR,https://members.wvmls.com/member_details.asp?member_id=14076,60,B,free_email;rbn_24m
HEIDI WILLS,heidi@thegrouppnw.com,541-979-6625,THE GROUP REAL ESTATE,ALBANY,OR,https://members.wvmls.com/member_details.asp?member_id=6805,50,B,rbn_12m;principal
HERALD HASKELL,hshaskell@outlook.com,503-399-2130,HERALD HASKELL,SALEM,OR,https://members.wvmls.com/member_details.asp?member_id=210,40,B,free_email;solo_brokerage
Jacob Eden,jacob@theoperativegroup.com,541-939-8209,The Operative Group,Springfield,OR,https://eugenerealestate.com/team/jacob-eden,45,B,rbn_12m
JACOB ESPERICUETA,jacob@rogwv.com,503-689-4378,REALTY ONE GROUP WILLAMETTE VALLEY,SALEM,OR,https://members.wvmls.com/member_details.asp?member_id=10610,45,B,rbn_12m
JAKE LUCEY,jake@traditionrep.com,503-999-6578,TRADITION REAL ESTATE PARTNERS,SALEM,OR,https://members.wvmls.com/member_details.asp?member_id=6040,50,B,rbn_12m;principal
JANICE WOMACK,womack97301@msn.com,503-851-3083,WOMACK REALTY,SALEM,OR,https://members.wvmls.com/member_details.asp?member_id=4191,45,B,free_email;principal;solo_brokerage
Jason Mann,jaymann4210@hotmail.com,541-733-0121,J Mann Realty,Canyonville,OR,https://jmannrealty.com/our-agents,45,B,free_email;principal;solo_brokerage
JASON NUNN,jason@jasonnunnrealestate.com,503-983-4611,THE GROUP REAL ESTATE,ALBANY,OR,https://members.wvmls.com/member_details.asp?member_id=6807,45,B,rbn_12m
JENNIFER CONWAY,jconwayre@gmail.com,541-799-4462,UNITED REAL ESTATE PROPERTIES,EUGENE,OR,https://members.wvmls.com/member_details.asp?member_id=13108,45,B,free_email;rbn_36m
Jennifer Copeland,jennifer@theoperativegroup.com,541-579-4310,The Operative Group,Springfield,OR,https://eugenerealestate.com/team/jennifer-copeland,45,B,rbn_12m
JENNIFER MCCLEAN,jenn@connectedregroup.com,541-230-4124,CONNECTED REAL ESTATE GROUP,CORVALLIS,OR,https://members.wvmls.com/member_details.asp?member_id=8395,45,B,rbn_12m
JESSE BARNES,jessebarnesinvestments@gmail.com,541-760-6505,CENTURION REAL ESTATE SERVICES,SALEM,OR,https://members.wvmls.com/member_details.asp?member_id=10438,60,B,free_email;rbn_24m
JESSICA HAMMER,soldbyjessicahammer@gmail.com,541-405-1918,NEXTHOME REALTY CONNECTION,SALEM,OR,https://members.wvmls.com/member_details.asp?member_id=7712,50,B,free_email;rbn_36m;small_brokerage
JESSICA HUBERT,jesshubertsellshomes@gmail.com,541-905-6008,THE GROUP REAL ESTATE,ALBANY,OR,https://members.wvmls.com/member_details.asp?member_id=7034,75,A,free_email;rbn_12m
JODI ELLIOTT,jodi@connectedregroup.com,541-368-8391,CONNECTED REAL ESTATE GROUP,CORVALLIS,OR,https://members.wvmls.com/member_details.asp?member_id=9342,50,B,rbn_12m;principal
JOEL GANDER,joelganderrealestate@gmail.com,503-559-4110,GANDER PROPERTY GROUP,SALEM,OR,https://members.wvmls.com/member_details.asp?member_id=9693,45,B,free_email;principal;solo_brokerage
JOHN MANGINI,jjmangini@hotmail.com,503-409-8699,JOHN MANGINI REALTY,SALEM,OR,https://members.wvmls.com/member_details.asp?member_id=5146,45,B,free_email;principal;solo_brokerage
JOSEPH CALLIS,jcallisrea@gmail.com,541-760-1514,UNITED REAL ESTATE PROPERTIES,EUGENE,OR,https://members.wvmls.com/member_details.asp?member_id=11291,45,B,free_email;rbn_36m
JOSH MITCHELL,joshmitchell.srr@gmail.com,541-231-3118,SILVER RIDGE REALTY,ALBANY,OR,https://members.wvmls.com/member_details.asp?member_id=3669,40,B,free_email;solo_brokerage
JOYCE STRINGER,stringerrealestate@hotmail.com,541-990-7978,STRINGER REAL ESTATE LLC,Salem,OR,https://members.wvmls.com/member_details.asp?member_id=6093,45,B,free_email;principal;solo_brokerage
JUDY HULL,judyhullrealty@gmail.com,360-431-2892,KITHKIN REAL ESTATE,SALEM,OR,https://members.wvmls.com/member_details.asp?member_id=11073,45,B,free_email;rbn_36m
JULIE SONAM,julie@hearthstonere.com,541-335-1225,HEARTHSTONE REAL ESTATE,EUGENE,OR,https://members.wvmls.com/member_details.asp?member_id=9467,55,B,rbn_12m;principal;small_brokerage
JUSTIN SIMNITT,justin@simnitthouseandhome.com,503-260-1077,RESI REAL ESTATE LLC,SALEM,OR,https://members.wvmls.com/member_details.asp?member_id=7569,45,B,rbn_24m;principal;solo_brokerage
KAIN KAMMERER,kain@brighthomegroup.com,503-510-7785,BRIGHTHOME REAL ESTATE GROUP,SALEM,OR,https://members.wvmls.com/member_details.asp?member_id=14233,45,B,rbn_12m
KASSIDY BARRICK,kassidybarrick.realtor@gmail.com,503-990-5434,REALTY ONE GROUP WILLAMETTE VALLEY,SALEM,OR,https://members.wvmls.com/member_details.asp?member_id=14014,75,A,free_email;rbn_12m
Katharine Joslin,soldbykatharine@gmail.com,503-910-4574,SMI Real Estate,Salem,OR,https://smire.com/brokers/katharine-joslin,45,B,free_email;rbn_36m
KATIE BAUNSGARD,houseladykatie@gmail.com,503-949-0065,MANOR REALTY,SALEM,OR,https://members.wvmls.com/member_details.asp?member_id=9277,85,A,free_email;rbn_12m;principal;small_brokerage
KATY BLYE,katy@connectedregroup.com,541-231-2641,CONNECTED REAL ESTATE GROUP,CORVALLIS,OR,https://members.wvmls.com/member_details.asp?member_id=8281,50,B,rbn_12m;principal
KAYLA WHITE,kaylawhite.realtor@gmail.com,209-204-4884,UNITED REAL ESTATE PROPERTIES,EUGENE,OR,https://members.wvmls.com/member_details.asp?member_id=14728,75,A,free_email;rbn_12m
KEELY MARKS,keelymmarks@gmail.com,503-926-4949,CENTURION REAL ESTATE SERVICES,SALEM,OR,https://members.wvmls.com/member_details.asp?member_id=14693,75,A,free_email;rbn_12m
KELLY CULVER,kculver@comcast.net,503-931-2565,REALTY ONE GROUP WILLAMETTE VALLEY,SALEM,OR,https://members.wvmls.com/member_details.asp?member_id=9396,45,B,rbn_12m
Kelly McDonald,kelly.mcdonald@smire.com,503-209-9591,SMI Real Estate,Salem,OR,https://smire.com/brokers/kelly-mcdonald,50,B,rbn_12m;principal
Kendra Cooney,kendra.duoteam@gmail.com,541-537-1738,Jackson Co: Eagle Point Real Estate,Eagle Point,OR,https://lamonterealestatepros.com/about/,45,B,free_email;rbn_36m
KETZALY LUJAN,victoriaketzaly@gmail.com,503-891-8967,ROCHA REALTY LLC,SALEM,OR,https://members.wvmls.com/member_details.asp?member_id=14250,75,A,free_email;rbn_12m
KEVIN MANSKE,kevinmanske.mrg@gmail.com,541-619-7275,NEXT DOOR REAL ESTATE GROUP,ALBANY,OR,https://members.wvmls.com/member_details.asp?member_id=8268,60,B,free_email;rbn_24m
KINDSEY HOEFER,kindsey.weinberg@gmail.com,541-979-2008,THE GROUP REAL ESTATE,ALBANY,OR,https://members.wvmls.com/member_details.asp?member_id=7848,75,A,free_email;rbn_12m
KOLI CUTLER,koli@homewise.realestate,503-747-8232,REALTY ONE GROUP WILLAMETTE VALLEY,SALEM,OR,https://members.wvmls.com/member_details.asp?member_id=8401,50,B,rbn_12m;principal
KRISSTINE JACOBSEN,krisstinej@gmail.com,503-504-7330,ELITE REALTY GROUP,KEIZER,OR,https://members.wvmls.com/member_details.asp?member_id=7637,45,B,free_email;principal;solo_brokerage
KRISTEN JACKSON,kristen@kjror.com,503-559-1183,REALTY ONE GROUP WILLAMETTE VALLEY,SALEM,OR,https://members.wvmls.com/member_details.asp?member_id=14740,45,B,rbn_12m
KRISTI WIRZ,kristi@connectedregroup.com,626-399-3355,CONNECTED REAL ESTATE GROUP,CORVALLIS,OR,https://members.wvmls.com/member_details.asp?member_id=12975,45,B,rbn_12m
KRISTIE WILLIAMS,kristiemaren@gmail.com,503-577-9395,REALTY ONE GROUP WILLAMETTE VALLEY,SALEM,OR,https://members.wvmls.com/member_details.asp?member_id=11395,80,A,free_email;rbn_12m;principal
LEAH OLSON,lmolson8769@icloud.com,541-619-4624,NEXT DOOR REAL ESTATE GROUP,ALBANY,OR,https://members.wvmls.com/member_details.asp?member_id=12315,75,A,free_email;rbn_12m
LEAH RAMOS,leahramosresultsrealty@gmail.com,503-931-8959,RESULTS REALTY,SALEM,OR,https://members.wvmls.com/member_details.asp?member_id=13769,50,B,free_email;rbn_36m;small_brokerage
LEE OHLHAUSER,lee.ohlhauser@gmail.com,541-990-5603,STELLAR REALTY NORTHWEST,ALBANY,OR,https://members.wvmls.com/member_details.asp?member_id=9853,75,A,free_email;rbn_12m
LESLIE CUTLER,lesliecutleragent@gmail.com,503-881-9606,STELLAR REALTY NORTHWEST,ALBANY,OR,https://members.wvmls.com/member_details.asp?member_id=8371,60,B,free_email;rbn_24m
LINDSEY KORKEAKOSKI,lindsey.k.realestate@gmail.com,541-999-8553,EMERALD VALLEY REAL ESTATE,EUGENE,OR,https://members.wvmls.com/member_details.asp?member_id=9449,40,B,free_email;solo_brokerage
LING LING ZHU,lingzhurealestate@gmail.com,541-217-8464,TLC REALTY,COTTAGE GROVE,OR,https://members.wvmls.com/member_details.asp?member_id=12339,40,B,free_email;solo_brokerage
Linnea Kittrell,linneakittrell@gmail.com,541-556-5292,Lane County Real Estate,Veneta,OR,https://oregonrealestateadvisors.com/agents,70,A,free_email;rbn_24m;solo_brokerage
Lisa Anderson,lisa@smire.com,503-390-6060,SMI Real Estate,Salem,OR,https://smire.com/brokers/lisa-anderson,50,B,rbn_12m;principal
Lisa Gill,malitzlisa@hotmail.com,541-580-1362,ROSEBURG REALTY,ROSEBURG,OR,https://roseburgrealty.com/agents.html,40,B,free_email;solo_brokerage
LISA NGUYEN,lisan@rogwv.com,503-881-3669,REALTY ONE GROUP WILLAMETTE VALLEY,SALEM,OR,https://members.wvmls.com/member_details.asp?member_id=14588,45,B,rbn_12m
LISANNE DICKENSON,lisanne@wpgoregon.com,541-501-1617,WILLAMETTE PROPERTIES GROUP,JUNCTION CITY,OR,https://members.wvmls.com/member_details.asp?member_id=7651,55,B,rbn_12m;principal;small_brokerage
LONA MURPHY,lonasells@gmail.com,541-461-6100,DANIA REAL ESTATE,EUGENE,OR,https://members.wvmls.com/member_details.asp?member_id=4397,40,B,free_email;solo_brokerage
LORI PALERMO,lori@tallfirsrealty.com,541-579-5674,TALL FIRS REALTY LLC,EUGENE,OR,https://members.wvmls.com/member_details.asp?member_id=3159,60,B,rbn_12m;principal;solo_brokerage
LOVE EDELBLUTE,loveedelblutegroup@gmail.com,503-877-9030,REALTY ONE GROUP WILLAMETTE VALLEY,SALEM,OR,https://members.wvmls.com/member_details.asp?member_id=8387,60,B,free_email;rbn_24m
LYNNE CARROLL DAVIDSON,resultswithlynne@yahoo.com,541-979-7705,CLOCK TOWER REALTY,ALBANY,OR,https://members.wvmls.com/member_details.asp?member_id=4794,60,B,free_email;rbn_36m;principal;solo_brokerage
MACKENZIE GALL,macdgall@gmail.com,503-508-1846,SUNDANCE REALTY LLC,LEBANON,OR,https://members.wvmls.com/member_details.asp?member_id=7932,60,B,free_email;rbn_24m
MANDI MACK,mandi@traditionrep.com,971-701-5052,TRADITION REAL ESTATE PARTNERS,SALEM,OR,https://members.wvmls.com/member_details.asp?member_id=9035,50,B,rbn_12m;principal
MARC MANLEY,marcamanley@gmail.com,541-740-6272,GREAT OAK REAL ESTATE INC,ALBANY,OR,https://members.wvmls.com/member_details.asp?member_id=3213,45,B,free_email;principal;solo_brokerage
Mary Parsagian,mparsagian@gmail.com,541-261-5681,Mary Parsagian Group,Grants Pass,OR,https://theparsagiangroup.com/agents.php,40,B,free_email;solo_brokerage
MARYANN MAXEY,maryannmaxey@gmail.com,541-990-0940,MARYANN MAXEY,LEBANON,OR,https://members.wvmls.com/member_details.asp?member_id=6392,90,A,free_email;rbn_12m;principal;solo_brokerage
Matthew McCormick,matthewm@theoperativegroup.com,503-339-8223,The Operative Group,Springfield,OR,https://eugenerealestate.com/team/matthew-mccormick,45,B,rbn_12m
MAX SMITH,maxsmith.or@gmail.com,503-363-5263,VALUE REAL ESTATE,SALEM,OR,https://members.wvmls.com/member_details.asp?member_id=546,45,B,free_email;principal;solo_brokerage
MEGAN SIMNITT,mrsmegansimnitt@gmail.com,503-509-0737,RESI REAL ESTATE LLC,SALEM,OR,https://members.wvmls.com/member_details.asp?member_id=9621,70,A,free_email;rbn_24m;solo_brokerage
Melanie Haskins,melanie@mhsellbuydesign.com,541-868-8444,Coldwell Banker Professional Group,Eugene,OR,https://mhsellbuydesign.com/,55,B,rbn_12m;solo_brokerage
Melissa Purvis,melissaleighpurvis@yahoo.com,541-513-9279,"Red Barn Properties, LLC | Melissa Purvis-Johnson | Veneta ...",Veneta,OR,https://redbarnpropertiesoregon.com/,40,B,free_email;solo_brokerage
MELISSA VOHLAND,melissavohlandbroker@gmail.com,503-508-9965,REALTY ONE GROUP WILLAMETTE VALLEY,SALEM,OR,https://members.wvmls.com/member_details.asp?member_id=11334,60,B,free_email;rbn_24m
MIA SHOEMAKER,mialynnshoemaker@gmail.com,541-220-8904,REALTY ONE GROUP WILLAMETTE VALLEY,SALEM,OR,https://members.wvmls.com/member_details.asp?member_id=8427,65,B,free_email;rbn_24m;principal
Michael Hoover,michaelhooverrealestate@gmail.com,541-590-0222,Veneta: Open Houses Report,Veneta,OR,https://eugenetracktownrealtors.com/agents,75,A,free_email;rbn_12m
MICHAEL KOSMICKI,michael@oregon360realestate.net,541-990-8201,STELLAR REALTY NORTHWEST,ALBANY,OR,https://members.wvmls.com/member_details.asp?member_id=1768,50,B,rbn_12m;principal
MOLLY VANDERWERF,mollyvrealestate@gmail.com,971-285-6006,KNIPE REALTY ERA POWERED,SALEM,OR,https://members.wvmls.com/member_details.asp?member_id=12967,60,B,free_email;rbn_24m
Neil Schmidt,neilschmidt@live.com,541-619-6494,SMI Real Estate,Salem,OR,https://smire.com/brokers/neil-schmidt,60,B,free_email;rbn_24m
NICHOLAS BERREY PBLN,nberrey@gmail.com,503-508-0509,NICHOLAS BERREY PBLN,SALEM,OR,https://members.wvmls.com/member_details.asp?member_id=9324,40,B,free_email;solo_brokerage
NICOLE SHUBA,nshuba1@gmail.com,503-949-6616,MANOR REALTY,SALEM,OR,https://members.wvmls.com/member_details.asp?member_id=7021,85,A,free_email;rbn_12m;principal;small_brokerage
NYDRIE EDWARDS,nydrie@rogwv.com,503-507-2307,REALTY ONE GROUP WILLAMETTE VALLEY,SALEM,OR,https://members.wvmls.com/member_details.asp?member_id=2294,50,B,rbn_12m;principal
OAKLEY BURTON,oakleyrealestates@gmail.com,541-589-2765,NEXTHOME REALTY CONNECTION,SALEM,OR,https://members.wvmls.com/member_details.asp?member_id=13805,80,A,free_email;rbn_12m;small_brokerage
PAUL SPIES,spiespaul@gmail.com,541-230-1662,BALANCE REAL ESTATE,CORVALLIS,OR,https://members.wvmls.com/member_details.asp?member_id=6655,90,A,free_email;rbn_12m;principal;solo_brokerage
PEGGY LEGRANDE,peggylegrandere@gmail.com,503-931-0973,PEGGY LEGRANDE REAL ESTATE,SALEM,OR,https://members.wvmls.com/member_details.asp?member_id=844,40,B,free_email;solo_brokerage
RANDY ANCELL,randyancell@gmail.com,541-915-9537,PELOTON REAL ESTATE,EUGENE,OR,https://members.wvmls.com/member_details.asp?member_id=7709,45,B,free_email;principal;solo_brokerage
Randy Grimes,randygrimes.realtor@yahoo.com,541-430-2350,Gina Evenich,Roseburg,OR,https://umpquavalley.homes/team,40,B,free_email;solo_brokerage
RANDY PINGEL,randy@rogwv.com,503-779-9472,REALTY ONE GROUP WILLAMETTE VALLEY,SALEM,OR,https://members.wvmls.com/member_details.asp?member_id=10535,45,B,rbn_12m
RAYNE LEGRAS,raynelegras@outlook.com,541-971-8843,CONNECTED REAL ESTATE GROUP,CORVALLIS,OR,https://members.wvmls.com/member_details.asp?member_id=5021,75,A,free_email;rbn_12m
REBECCA OVERALL,beckyoverall@gmail.com,503-559-1367,OVERALL REAL ESTATE,SALEM,OR,https://members.wvmls.com/member_details.asp?member_id=6331,45,B,free_email;principal;solo_brokerage
RHETT ORTMANN,rhettortmann@gmail.com,541-513-0526,RHETTRO REAL ESTATE LLC,SPRINGFIELD,OR,https://members.wvmls.com/member_details.asp?member_id=10926,45,B,free_email;principal;solo_brokerage
Rhettro Construction,rhettrorealestate@gmail.com,541-513-0526,Rhettro Real Estate LLC,Springfield,OR,https://rhettrorealestate.com/team,40,B,free_email;solo_brokerage
RICK MAURMANN,rickmaurmann@gmail.com,503-871-3848,REALTY ONE GROUP WILLAMETTE VALLEY,SALEM,OR,https://members.wvmls.com/member_details.asp?member_id=183,75,A,free_email;rbn_12m
Roberto Flores,robert@theoperativegroup.com,530-292-7177,The Operative Group,Springfield,OR,https://eugenerealestate.com/team/roberto-flores,45,B,rbn_12m
ROGER JENSEN,rogerjen@yahoo.com,503-580-3058,BEDROCK REALTY,SALEM,OR,https://members.wvmls.com/member_details.asp?member_id=761,45,B,free_email;principal;solo_brokerage
RONDA HOUSER,rondahomes@gmail.com,541-979-0453,NEXTHOME REALTY CONNECTION,SALEM,OR,https://members.wvmls.com/member_details.asp?member_id=7309,55,B,free_email;rbn_36m;principal;small_brokerage
ROSA SIEG,rosa@rogwv.com,503-910-1179,REALTY ONE GROUP WILLAMETTE VALLEY,SALEM,OR,https://members.wvmls.com/member_details.asp?member_id=14881,45,B,rbn_12m
RUTH DANA,ruth@firstcommercialoregon.com,503-428-0243,FIRST COMMERCIAL REAL ESTATE,SALEM,OR,https://members.wvmls.com/member_details.asp?member_id=5600,40,B,rbn_24m;principal;small_brokerage
Ryan Fischer,ryan.fischer@smire.com,503-509-9559,SMI Real Estate,Salem,OR,https://smire.com/brokers/fischer,45,B,rbn_12m
SAHARDIID BUUNI,buuni4@hotmail.com,503-702-6449,SUNDANCE REALTY LLC,LEBANON,OR,https://members.wvmls.com/member_details.asp?member_id=2450,45,B,free_email;rbn_36m
SANDRA ADELL WATTS,sandrawattsre@hotmail.com,808-269-2213,SANDRA ADELL WATTS,SALEM,OR,https://members.wvmls.com/member_details.asp?member_id=1533,90,A,free_email;rbn_12m;principal;solo_brokerage
SARA MITSUYASU,saramitsuyasu@gmail.com,702-906-9424,REALTY ONE GROUP WILLAMETTE VALLEY,SALEM,OR,https://members.wvmls.com/member_details.asp?member_id=14554,75,A,free_email;rbn_12m
SARAH DENNIS,sarahsue122@gmail.com,541-936-0105,JMG JASON MITCHELL GROUP-LEBANON,LEBANON,OR,https://members.wvmls.com/member_details.asp?member_id=7550,70,A,free_email;rbn_24m;solo_brokerage
SCOTT BESAW,scott@stellarnw.com,541-508-9371,STELLAR REALTY NORTHWEST,ALBANY,OR,https://members.wvmls.com/member_details.asp?member_id=10729,50,B,rbn_12m;principal
SEAN TURNER,sean@sjtrealestate.com,541-231-3755,KNIPE REALTY ERA POWERED,SALEM,OR,https://members.wvmls.com/member_details.asp?member_id=12043,45,B,rbn_12m
SHAE DONNELLY,shaemdonnelly@gmail.com,541-556-5757,FRANKLY REAL ESTATE,EUGENE,OR,https://members.wvmls.com/member_details.asp?member_id=9655,45,B,free_email;principal;solo_brokerage
Shakir Evans,shakir@theoperativegroup.com,315-383-9493,The Operative Group,Springfield,OR,https://eugenerealestate.com/team/shakir-evans,45,B,rbn_12m
SHANE BAKER,shane@shanebakerhomes.com,503-501-1908,REALTY ONE GROUP WILLAMETTE VALLEY,SALEM,OR,https://members.wvmls.com/member_details.asp?member_id=11276,45,B,rbn_12m
SHANNON BREMNER,bremnerbroker@protonmail.com,541-979-4624,NORTHWEST REALTY CONSULTANTS,CORVALLIS,OR,https://members.wvmls.com/member_details.asp?member_id=14612,80,A,free_email;rbn_12m;small_brokerage
SHANNON TOURVILLE,shannontsellshomes@gmail.com,503-510-3588,JMG JASON MITCHELL GROUP-SALEM,SALEM,OR,https://members.wvmls.com/member_details.asp?member_id=11548,70,A,free_email;rbn_24m;solo_brokerage
SHARON WOODS,sharonwoodsrealestate@gmail.com,503-871-5971,SHARON WOODS REAL ESTATE,SALEM,OR,https://members.wvmls.com/member_details.asp?member_id=4558,45,B,free_email;principal;solo_brokerage
SHAWN MOGENSON,mogensonshawn@gmail.com,541-780-4981,UNITED REAL ESTATE PROPERTIES,EUGENE,OR,https://members.wvmls.com/member_details.asp?member_id=14600,75,A,free_email;rbn_12m
SHERRI PERLENFEIN,sherri.property@comcast.net,541-974-4369,THE GROUP REAL ESTATE,ALBANY,OR,https://members.wvmls.com/member_details.asp?member_id=7017,45,B,rbn_12m
SHYANN HARRINGTON,homeswithshyann@gmail.com,458-544-1794,KNIPE REALTY ERA POWERED,SALEM,OR,https://members.wvmls.com/member_details.asp?member_id=13258,60,B,free_email;rbn_24m
SITKA CHIU,sitkachiu@yahoo.com,971-533-2338,FORUM REAL ESTATE LLC,SALEM,OR,https://members.wvmls.com/member_details.asp?member_id=5607,60,B,free_email;rbn_36m;principal;solo_brokerage
STACY REJAIAN,stacyrejaian@gmail.com,503-569-5033,OLYMPIC REALTY,SALEM,OR,https://members.wvmls.com/member_details.asp?member_id=8291,40,B,free_email;solo_brokerage
STEPHEN BATES,stephenbatesor@gmail.com,541-579-0190,UNITED REAL ESTATE PROPERTIES,EUGENE,OR,https://members.wvmls.com/member_details.asp?member_id=11263,45,B,free_email;rbn_36m
Susan Bennett,susan@susanbennettrealestate.com,541-743-1331,Veneta: Open Houses Report,Veneta,OR,https://eugenetracktownrealtors.com/agents,45,B,rbn_12m
SUSAN SPARKS,suzksparks@gmail.com,541-915-5310,ICON REAL ESTATE GROUP,EUGENE,OR,https://members.wvmls.com/member_details.asp?member_id=10424,60,B,free_email;rbn_24m
TARA WEST,tara@brighthomegroup.com,503-983-1123,BRIGHTHOME REAL ESTATE GROUP,SALEM,OR,https://members.wvmls.com/member_details.asp?member_id=7276,45,B,rbn_12m
TARAH FAIR,tarahsellsoregon@gmail.com,503-580-6746,REALTY ONE GROUP WILLAMETTE VALLEY,SALEM,OR,https://members.wvmls.com/member_details.asp?member_id=10270,60,B,free_email;rbn_24m
TROY MORRIS,dontroy98@yahoo.com,503-507-3368,EXCEL REAL ESTATE,KEIZER,OR,https://members.wvmls.com/member_details.asp?member_id=3350,40,B,free_email;principal;small_brokerage
TU CASA CORPORATION,lopezmcasas@gmail.com,503-949-8580,TU CASA CORPORATION,SALEM,OR,https://members.wvmls.com/member_details.asp?member_id=942,40,B,free_email;solo_brokerage
Veselina Karakoleva,veselina@theoperativegroup.com,541-520-3428,The Operative Group,Springfield,OR,https://eugenerealestate.com/team/veselina-karakoleva,45,B,rbn_12m
VINCE BAKER,vincebakerrealestate@gmail.com,503-930-5159,WILLAMETTE MEADOW REAL ESTATE,SALEM,OR,https://members.wvmls.com/member_details.asp?member_id=8077,40,B,free_email;solo_brokerage
WENDY KNOFLER,wendy.evcor@gmail.com,541-979-5711,EVCOR REAL ESTATE,ALBANY,OR,https://members.wvmls.com/member_details.asp?member_id=7014,45,B,free_email;principal;solo_brokerage
Zach Macormic,zmacormic@hotmail.com,541-821-3473,Finish Line Real Estate,Medford,OR,https://www.finishlinerealestate.com/agents,40,B,free_email;solo_brokerage
ZACHARY GWYN,zacharygwyn@gmail.com,971-273-6736,LAURA GAIL GWYN PROPERTIES,SALEM,OR,https://members.wvmls.com/member_details.asp?member_id=10527,40,B,free_email;solo_brokerage
